timestamp,production_line_id,machine_id,batch_id,work_order_id,actual_production_qty,good_qty,machine_status,downtime_minutes,setup_time_minutes,operator_id,inspection_id,defect_type,defect_category,defect_severity,is_conforming,scrap_flag,rework_required,quality_score,vision_defect_detected,operator_validation,scrap_qty
1970-01-21 10:54:07.200,L02,M04,BATCH003,WO1001,938.0,826.0,running,59.0,14.0,OP01,INS0000,no_defect,fonctionnel,major,True,False,False,95.0,False,False,112.0
1970-01-21 10:54:07.500,L03,M02,BATCH002,WO1001,1136.0,1081.0,running,8.0,19.0,OP02,INS0000,no_defect,fonctionnel,minor,True,False,False,70.0,False,True,55.0
1970-01-21 10:54:07.800,L01,M03,BATCH003,WO1003,1125.0,896.0,maintenance,14.0,22.0,OP01,INS0002,no_defect,esthetique,minor,True,False,False,73.0,False,True,229.0
1970-01-21 10:54:08.100,L02,M04,BATCH001,WO1003,1085.0,835.0,running,27.0,27.0,OP01,INS0003,no_defect,dimensionnel,minor,False,True,False,76.0,False,False,250.0
1970-01-21 10:54:08.400,L02,M02,BATCH003,WO1003,1032.0,908.0,running,23.0,37.0,OP01,INS0004,no_defect,none,major,True,False,False,95.0,False,True,124.0
1970-01-21 10:54:08.700,L02,M02,BATCH001,WO1002,1058.0,854.0,running,59.0,20.0,OP02,INS0005,no_defect,esthetique,critical,True,False,False,95.0,False,True,204.0
1970-01-21 10:54:09.000,L03,M02,BATCH001,WO1002,979.0,979.0,running,34.0,42.0,OP02,INS0006,rayure,fonctionnel,critical,True,False,False,70.0,False,False,0.0
1970-01-21 10:54:09.300,L02,M04,BATCH001,WO1001,1002.0,1002.0,running,28.666666666666668,39.0,OP01,INS0007,no_defect,esthetique,minor,True,False,False,70.0,False,True,0.0
1970-01-21 10:54:09.600,L02,M04,BATCH002,WO1002,862.0,862.0,running,23.333333333333336,38.0,OP03,INS0008,no_defect,esthetique,critical,True,False,False,77.0,False,True,0.0
1970-01-21 10:54:09.900,L01,M04,BATCH003,WO1001,971.0,868.0,running,18.0,32.0,OP02,INS0009,no_defect,fonctionnel,minor,True,False,True,89.0,False,True,103.0
1970-01-21 10:54:10.200,L01,M04,BATCH001,WO1001,1069.0,929.0,stopped,44.0,6.0,OP02,INS0010,no_defect,dimensionnel,critical,True,False,False,85.0,False,True,140.0
1970-01-21 10:54:10.500,L02,M04,BATCH001,WO1001,994.0,854.0,running,11.0,34.0,OP01,INS0011,no_defect,dimensionnel,major,True,False,False,90.0,False,False,101.0
1970-01-21 10:54:10.800,L02,M04,BATCH002,WO1002,919.0,896.0,running,19.0,17.0,OP03,INS0011,no_defect,esthetique,minor,True,False,False,82.0,False,False,23.0
1970-01-21 10:54:11.100,L01,M02,BATCH002,WO1002,1044.0,886.0,running,0.0,20.0,OP01,INS0013,no_defect,fonctionnel,critical,True,False,False,92.0,False,False,158.0
1970-01-21 10:54:11.400,L03,M03,BATCH002,WO1002,1035.0,1035.0,running,20.0,26.0,OP02,INS0014,no_defect,none,critical,True,False,False,93.0,False,True,0.0
1970-01-21 10:54:11.700,L03,M01,BATCH002,WO1001,948.0,918.0,running,48.0,32.0,OP02,INS0014,no_defect,esthetique,critical,True,False,False,95.0,False,True,30.0
1970-01-21 10:54:12.000,L03,M03,BATCH002,WO1001,931.0,931.0,running,44.0,43.0,OP01,INS0016,no_defect,none,major,True,False,False,92.0,False,True,0.0
1970-01-21 10:54:12.300,L03,M03,BATCH003,WO1002,924.0,924.0,running,0.0,24.0,OP01,INS0017,no_defect,esthetique,major,True,False,True,87.0,False,True,0.0
1970-01-21 10:54:12.600,L03,M04,BATCH002,WO1001,1041.0,834.0,running,9.0,28.0,OP03,INS0018,no_defect,none,critical,True,False,False,99.0,False,False,207.0
1970-01-21 10:54:12.900,L03,M01,BATCH003,WO1001,1063.0,878.0,running,33.5,31.0,OP03,INS0019,no_defect,fonctionnel,critical,True,False,False,89.0,False,True,185.0
1970-01-21 10:54:13.200,L03,M03,BATCH003,WO1002,993.0,866.0,stopped,58.0,34.0,OP02,INS0020,no_defect,fonctionnel,major,True,False,False,79.0,False,True,127.0
1970-01-21 10:54:13.500,L03,M03,BATCH001,WO1002,1065.0,833.0,stopped,58.0,31.0,OP03,INS0021,no_defect,none,major,True,False,False,81.0,False,True,232.0
1970-01-21 10:54:13.800,L01,M01,BATCH001,WO1002,1065.5,896.0,running,31.0,30.0,OP03,INS0022,no_defect,none,major,True,False,True,70.0,False,True,169.5
1970-01-21 10:54:14.100,L03,M04,BATCH003,WO1001,1066.0,968.0,running,38.0,11.0,OP02,INS0023,no_defect,dimensionnel,minor,True,False,False,79.0,False,False,98.0
1970-01-21 10:54:14.400,L03,M03,BATCH003,WO1001,884.0,884.0,stopped,233.30555555555554,42.0,OP02,INS0024,no_defect,fonctionnel,major,True,False,False,78.0,False,True,0.0
1970-01-21 10:54:14.700,L03,M02,BATCH003,WO1003,1032.0,950.0,running,21.0,34.5,OP02,INS0025,no_defect,esthetique,minor,True,False,True,72.0,False,True,82.0
1970-01-21 10:54:15.000,L02,M03,BATCH003,WO1003,1119.0,870.0,running,34.0,27.0,OP02,INS0026,no_defect,esthetique,major,True,False,False,97.0,False,False,249.0
1970-01-21 10:54:15.300,L01,M02,BATCH003,WO1002,949.0,802.0,running,47.0,32.5,OP01,INS0027,no_defect,dimensionnel,minor,True,False,True,95.0,False,True,147.0
1970-01-21 10:54:15.600,L01,M04,BATCH003,WO1003,856.0,831.0,running,45.0,38.0,OP02,INS0028,no_defect,fonctionnel,major,True,False,False,95.0,False,True,25.0
1970-01-21 10:54:15.900,L01,M03,BATCH002,WO1001,879.0,879.0,running,31.0,19.0,OP02,INS0029,no_defect,esthetique,major,True,False,False,78.0,False,True,0.0
1970-01-21 10:54:16.200,L03,M01,BATCH003,WO1003,993.0,881.0,running,26.0,24.5,OP02,INS0030,no_defect,dimensionnel,major,True,False,False,79.0,False,True,112.0
1970-01-21 10:54:16.500,L03,M01,BATCH002,WO1001,960.0,842.0,running,27.0,30.0,OP03,INS0031,no_defect,dimensionnel,critical,False,True,False,88.0,False,True,118.0
1970-01-21 10:54:16.800,L02,M03,BATCH002,WO1002,1081.0,904.0,running,17.0,35.0,OP02,INS0031,no_defect,esthetique,critical,True,False,False,85.0,True,True,177.0
1970-01-21 10:54:17.100,L01,M04,BATCH003,WO1002,1001.0,800.0,running,58.0,23.0,OP01,INS0031,no_defect,esthetique,major,True,False,False,93.0,True,True,228.0
1970-01-21 10:54:17.400,L03,M04,BATCH003,WO1001,921.0,860.0,running,38.0,13.0,OP01,INS0034,no_defect,none,minor,True,False,False,95.0,False,False,61.0
1970-01-21 10:54:17.700,L01,M01,BATCH002,WO1003,1059.0,1059.0,running,48.0,33.0,OP02,INS0035,no_defect,fonctionnel,minor,True,False,False,83.0,False,True,0.0
1970-01-21 10:54:18.000,L02,M03,BATCH002,WO1002,994.0,979.0,running,28.0,43.0,OP01,INS0036,no_defect,none,major,True,False,False,98.0,False,True,90.0
1970-01-21 10:54:18.300,L02,M04,BATCH003,WO1002,929.0,929.0,maintenance,17.0,8.0,OP03,INS0037,no_defect,dimensionnel,critical,True,False,True,72.0,False,True,0.0
1970-01-21 10:54:18.600,L02,M01,BATCH003,WO1003,932.0,805.0,maintenance,43.0,7.0,OP02,INS0038,no_defect,esthetique,minor,True,False,False,71.0,True,False,127.0
1970-01-21 10:54:18.900,L01,M02,BATCH002,WO1003,891.0,891.0,maintenance,7.0,33.0,OP01,INS0039,no_defect,none,critical,True,False,False,70.0,False,True,0.0
1970-01-21 10:54:19.200,L03,M03,BATCH002,WO1001,1122.0,809.0,running,53.0,15.0,OP01,INS0040,no_defect,dimensionnel,minor,True,False,True,87.0,True,True,313.0
1970-01-21 10:54:19.500,L03,M02,BATCH002,WO1003,1040.0,870.0,running,30.0,37.0,OP02,INS0041,no_defect,fonctionnel,major,True,False,False,93.0,True,True,170.0
1970-01-21 10:54:19.800,L02,M02,BATCH001,WO1003,1022.0,947.5,running,18.0,42.0,OP02,INS0042,no_defect,esthetique,critical,True,False,False,78.0,False,True,133.0
1970-01-21 10:54:20.100,L03,M04,BATCH002,WO1003,856.0,856.0,running,6.0,15.0,OP02,INS0043,no_defect,none,minor,True,False,False,95.0,False,False,0.0
1970-01-21 10:54:20.400,L02,M04,BATCH001,WO1001,1004.0,957.0,running,35.0,31.0,OP01,INS0044,no_defect,fonctionnel,major,True,False,False,71.0,False,True,47.0
1970-01-21 10:54:20.700,L01,M04,BATCH003,WO1001,859.0,859.0,running,47.0,37.0,OP01,INS0045,no_defect,none,major,True,False,False,95.0,False,True,0.0
1970-01-21 10:54:21.000,L02,M03,BATCH003,WO1002,883.0,883.0,running,59.0,25.0,OP01,INS0046,no_defect,dimensionnel,major,True,False,False,85.0,True,False,0.0
1970-01-21 10:54:21.300,L01,M02,BATCH002,WO1001,885.0,885.0,running,37.0,43.0,OP01,INS0047,no_defect,none,critical,True,False,False,90.0,False,False,0.0
1970-01-21 10:54:21.600,L02,M03,BATCH003,WO1002,855.0,855.0,running,58.0,35.0,OP02,INS0048,no_defect,none,critical,True,False,False,88.0,False,False,0.0
1970-01-21 10:54:21.900,L03,M04,BATCH003,WO1003,1064.0,873.0,stopped,8.0,42.0,OP01,INS0049,no_defect,fonctionnel,major,True,False,False,94.0,False,True,191.0
1970-01-21 10:54:22.200,L03,M02,BATCH003,WO1002,983.0,914.0,running,58.0,6.0,OP02,INS0050,no_defect,dimensionnel,critical,True,False,True,84.0,False,True,69.0
1970-01-21 10:54:22.500,L02,M03,BATCH003,WO1002,1134.0,990.0,running,51.5,31.0,OP03,INS0051,no_defect,fonctionnel,critical,True,False,True,91.0,True,True,144.0
1970-01-21 10:54:22.800,L03,M03,BATCH001,WO1003,975.0,969.0,stopped,45.0,40.0,OP02,INS0052,no_defect,none,major,True,False,True,80.0,False,True,6.0
1970-01-21 10:54:23.100,L03,M01,BATCH001,WO1002,1023.0,1003.0,running,7.0,15.0,OP02,INS0053,no_defect,dimensionnel,major,True,False,False,70.0,False,True,20.0
1970-01-21 10:54:23.400,L03,M03,BATCH002,WO1001,1001.0,855.0,running,50.0,22.0,OP01,INS0054,no_defect,esthetique,critical,True,False,False,90.0,True,True,146.0
1970-01-21 10:54:23.700,L01,M04,BATCH002,WO1001,875.0,875.0,running,34.0,5.0,OP03,INS0055,no_defect,none,major,True,False,False,76.0,False,True,0.0
1970-01-21 10:54:24.000,L03,M03,BATCH002,WO1001,964.0,840.0,running,17.0,39.0,OP02,INS0056,no_defect,none,minor,True,False,False,89.0,False,True,124.0
1970-01-21 10:54:24.300,L01,M02,BATCH003,WO1001,1133.0,831.0,stopped,4.0,39.0,OP01,INS0057,no_defect,dimensionnel,critical,True,False,False,77.0,True,True,302.0
1970-01-21 10:54:24.600,L02,M03,BATCH003,WO1002,924.0,814.0,running,13.0,35.0,OP01,INS0058,no_defect,dimensionnel,critical,True,False,True,79.0,False,True,110.0
1970-01-21 10:54:24.900,L02,M01,BATCH001,WO1002,1015.0,861.0,running,27.0,32.0,OP01,INS0058,no_defect,esthetique,major,True,False,False,74.0,False,True,154.0
1970-01-21 10:54:25.200,L03,M02,BATCH001,WO1003,1038.0,954.0,running,29.0,43.0,OP01,INS0060,no_defect,none,major,True,False,True,78.0,False,False,84.0
1970-01-21 10:54:25.500,L03,M02,BATCH002,WO1002,927.0,927.0,running,3.0,5.0,OP02,INS0061,no_defect,dimensionnel,major,True,False,False,94.0,False,False,0.0
1970-01-21 10:54:25.800,L03,M01,BATCH001,WO1002,976.0,976.0,maintenance,233.30555555555554,29.0,OP02,INS0062,no_defect,esthetique,critical,True,False,False,94.0,False,True,0.0
1970-01-21 10:54:26.100,L01,M04,BATCH001,WO1002,1025.0,986.0,running,233.30555555555554,42.0,OP02,INS0063,no_defect,esthetique,major,True,False,False,70.0,False,True,39.0
1970-01-21 10:54:26.400,L01,M04,BATCH001,WO1003,870.0,870.0,running,24.0,24.0,OP03,INS0064,no_defect,dimensionnel,minor,True,False,False,71.0,False,True,0.0
1970-01-21 10:54:26.700,L03,M04,BATCH001,WO1001,903.0,903.0,running,27.0,7.0,OP02,INS0065,no_defect,none,major,True,False,False,88.0,False,False,0.0
1970-01-21 10:54:27.000,L02,M02,BATCH002,WO1002,1033.0,919.5,running,11.0,6.0,OP01,INS0066,no_defect,fonctionnel,major,True,False,False,83.0,False,False,113.5
1970-01-21 10:54:27.300,L02,M02,BATCH002,WO1003,1071.0,913.0,stopped,1.0,22.0,OP03,INS0067,no_defect,fonctionnel,major,True,False,False,89.0,False,False,158.0
1970-01-21 10:54:27.600,L02,M04,BATCH002,WO1003,1028.0,998.0,running,42.0,14.0,OP01,INS0067,no_defect,esthetique,major,True,False,True,79.0,False,True,30.0
1970-01-21 10:54:27.900,L02,M02,BATCH001,WO1003,1125.0,812.0,running,13.0,9.0,OP03,INS0069,no_defect,fonctionnel,critical,True,False,False,78.0,False,False,313.0
1970-01-21 10:54:28.200,L02,M04,BATCH002,WO1001,961.0,850.0,running,21.0,13.0,OP03,INS0070,no_defect,none,major,True,False,False,79.0,False,True,111.0
1970-01-21 10:54:28.500,L01,M01,BATCH003,WO1002,1012.0,888.0,running,30.0,6.0,OP03,INS0071,no_defect,dimensionnel,minor,True,False,False,98.0,False,True,185.0
1970-01-21 10:54:28.800,L01,M04,BATCH001,WO1003,1063.0,1014.0,running,22.0,38.0,OP03,INS0072,no_defect,none,minor,True,False,True,75.0,False,True,49.0
1970-01-21 10:54:29.100,L01,M01,BATCH003,WO1001,908.0,908.0,running,47.0,42.0,OP03,INS0073,no_defect,none,critical,True,False,False,86.0,False,False,0.0
1970-01-21 10:54:29.400,L03,M02,BATCH002,WO1003,958.0,958.0,running,19.0,35.0,OP02,INS0074,no_defect,esthetique,critical,True,False,False,97.0,False,False,0.0
1970-01-21 10:54:29.700,L03,M04,BATCH001,WO1003,1006.0,873.0,stopped,37.0,14.0,OP01,INS0075,no_defect,dimensionnel,major,True,False,False,94.0,False,True,133.0
1970-01-21 10:54:30.000,L03,M02,BATCH003,WO1003,1040.0,886.5,running,54.0,16.0,OP02,INS0076,no_defect,fonctionnel,major,True,False,True,75.0,False,False,216.0
1970-01-21 10:54:30.300,L02,M04,BATCH002,WO1003,1049.0,900.0,running,3.0,40.0,OP01,INS0076,no_defect,none,minor,True,False,True,95.0,False,False,149.0
1970-01-21 10:54:30.600,L01,M01,BATCH001,WO1003,1045.0,975.0,running,14.0,25.0,OP03,INS0076,no_defect,esthetique,major,True,False,False,99.0,True,True,70.0
1970-01-21 10:54:30.900,L03,M01,BATCH003,WO1001,884.0,884.0,running,23.0,10.0,OP03,INS0079,no_defect,fonctionnel,minor,True,False,False,89.0,True,True,0.0
1970-01-21 10:54:31.200,L01,M04,BATCH001,WO1002,1095.0,965.0,stopped,24.0,7.0,OP02,INS0080,no_defect,esthetique,critical,True,False,False,72.0,False,True,130.0
1970-01-21 10:54:31.500,L02,M01,BATCH003,WO1002,1086.0,840.0,running,0.0,14.0,OP02,INS0081,no_defect,none,major,True,False,False,92.0,False,True,246.0
1970-01-21 10:54:31.800,L02,M01,BATCH002,WO1002,953.0,919.0,running,6.0,9.0,OP01,INS0082,no_defect,esthetique,critical,True,False,False,88.0,False,True,34.0
1970-01-21 10:54:32.100,L02,M02,BATCH003,WO1002,856.0,856.0,running,56.0,30.0,OP02,INS0083,no_defect,esthetique,major,True,False,True,87.0,False,True,0.0
1970-01-21 10:54:32.400,L01,M03,BATCH003,WO1001,1132.0,944.0,running,30.0,25.0,OP01,INS0084,no_defect,esthetique,minor,True,False,False,95.0,False,False,188.0
1970-01-21 10:54:32.700,L02,M01,BATCH003,WO1001,1100.0,1015.0,running,11.0,30.0,OP01,INS0085,no_defect,fonctionnel,critical,True,False,False,93.0,False,True,85.0
1970-01-21 10:54:33.000,L01,M02,BATCH002,WO1001,1068.0,1028.0,running,41.0,42.0,OP02,INS0086,no_defect,none,critical,True,False,True,73.0,False,True,40.0
1970-01-21 10:54:33.300,L03,M04,BATCH001,WO1003,1079.0,929.0,running,4.0,30.0,OP02,INS0087,no_defect,none,major,True,False,True,77.0,False,True,150.0
1970-01-21 10:54:33.600,L02,M01,BATCH002,WO1003,1021.0,936.0,running,43.0,12.0,OP03,INS0088,no_defect,fonctionnel,critical,True,False,False,86.0,False,True,85.0
1970-01-21 10:54:33.900,L02,M01,BATCH001,WO1003,936.0,936.0,running,49.0,9.0,OP03,INS0089,no_defect,fonctionnel,minor,True,False,False,74.0,False,True,0.0
1970-01-21 10:54:34.200,L02,M01,BATCH003,WO1002,890.0,890.0,running,41.0,19.0,OP01,INS0090,no_defect,fonctionnel,minor,True,False,False,82.0,False,True,0.0
1970-01-21 10:54:34.500,L03,M04,BATCH001,WO1003,972.0,893.0,running,37.0,20.0,OP02,INS0091,no_defect,none,critical,True,False,False,94.0,True,False,79.0
1970-01-21 10:54:34.800,L02,M02,BATCH002,WO1002,1147.0,967.0,running,59.0,5.0,OP01,INS0092,no_defect,esthetique,major,True,False,False,70.0,True,True,180.0
1970-01-21 10:54:35.100,L01,M03,BATCH002,WO1003,1027.0,1002.0,maintenance,11.0,20.0,OP02,INS0093,no_defect,esthetique,critical,True,False,False,96.0,False,True,25.0
1970-01-21 10:54:35.400,L01,M03,BATCH003,WO1002,912.0,912.0,running,38.0,41.0,OP03,INS0093,no_defect,none,major,True,False,False,82.0,False,True,0.0
1970-01-21 10:54:35.700,L02,M01,BATCH002,WO1003,1014.0,949.5,running,17.0,7.0,OP03,INS0095,no_defect,esthetique,major,True,False,True,73.0,False,False,32.0
1970-01-21 10:54:36.000,L02,M04,BATCH001,WO1003,1036.0,951.0,running,1.0,35.0,OP02,INS0096,no_defect,dimensionnel,critical,True,False,False,91.0,False,True,85.0
1970-01-21 10:54:36.300,L03,M02,BATCH001,WO1003,1056.0,873.0,running,233.30555555555554,17.0,OP02,INS0097,no_defect,fonctionnel,minor,True,False,False,95.0,False,True,185.0
1970-01-21 10:54:36.600,L03,M04,BATCH002,WO1003,1076.0,1073.0,running,14.0,20.0,OP03,INS0098,no_defect,none,major,True,False,False,93.0,False,True,3.0
1970-01-21 10:54:36.900,L03,M02,BATCH002,WO1003,897.0,841.0,running,29.0,25.0,OP03,INS0099,no_defect,none,critical,True,False,True,83.0,False,False,56.0
1970-01-21 10:54:37.200,L03,M01,BATCH001,WO1001,1073.0,870.5,running,43.0,6.0,OP01,INS0100,no_defect,esthetique,major,True,False,False,72.0,False,True,62.0
1970-01-21 10:54:37.500,L03,M02,BATCH001,WO1002,852.0,852.0,running,57.0,31.0,OP03,INS0101,fissure,fonctionnel,minor,False,True,False,74.0,False,True,0.0
1970-01-21 10:54:37.800,L03,M04,BATCH003,WO1001,1024.0,844.0,running,16.0,42.0,OP02,INS0102,no_defect,fonctionnel,minor,True,False,False,76.0,False,True,180.0
1970-01-21 10:54:38.100,L01,M04,BATCH002,WO1001,948.0,881.0,stopped,3.0,30.0,OP01,INS0103,no_defect,none,major,True,False,False,70.0,False,False,67.0
1970-01-21 10:54:38.400,L03,M01,BATCH001,WO1002,965.0,816.0,stopped,21.5,29.5,OP02,INS0104,no_defect,fonctionnel,minor,False,True,True,92.0,False,True,149.0
1970-01-21 10:54:38.700,L01,M01,BATCH003,WO1003,1119.0,872.0,running,40.0,29.0,OP01,INS0105,no_defect,dimensionnel,critical,True,False,False,98.0,False,True,247.0
1970-01-21 10:54:39.000,L01,M02,BATCH002,WO1002,1102.0,813.0,running,30.0,15.0,OP02,INS0106,no_defect,dimensionnel,critical,True,False,False,81.0,False,False,289.0
1970-01-21 10:54:39.300,L03,M01,BATCH002,WO1002,944.0,944.0,stopped,50.0,12.0,OP03,INS0107,no_defect,fonctionnel,critical,True,False,False,80.0,False,True,0.0
1970-01-21 10:54:39.600,L03,M02,BATCH003,WO1003,1122.0,1022.0,running,59.0,12.0,OP02,INS0108,no_defect,esthetique,minor,True,False,False,93.0,False,True,100.0
1970-01-21 10:54:39.900,L02,M02,BATCH003,WO1002,1043.5,931.0,running,58.0,37.0,OP01,INS0109,no_defect,none,critical,True,False,True,77.0,False,True,112.5
1970-01-21 10:54:40.200,L02,M02,BATCH001,WO1001,965.0,846.0,running,54.0,39.5,OP02,INS0110,no_defect,esthetique,critical,True,False,True,94.0,False,False,119.0
1970-01-21 10:54:40.500,L03,M02,BATCH002,WO1002,1000.0,906.0,stopped,38.0,42.0,OP01,INS0111,no_defect,none,critical,True,False,True,75.0,False,False,94.0
1970-01-21 10:54:40.800,L02,M04,BATCH002,WO1003,899.0,899.0,running,54.0,25.0,OP02,INS0112,no_defect,dimensionnel,major,True,False,False,97.0,False,True,0.0
1970-01-21 10:54:41.100,L01,M04,BATCH002,WO1002,1055.0,1055.0,stopped,33.0,12.0,OP03,INS0113,no_defect,dimensionnel,major,True,False,False,91.0,False,True,0.0
1970-01-21 10:54:41.400,L02,M03,BATCH003,WO1002,928.0,928.0,running,5.0,25.0,OP03,INS0114,no_defect,dimensionnel,critical,True,False,False,71.0,False,True,0.0
1970-01-21 10:54:41.700,L03,M04,BATCH001,WO1003,919.0,878.0,running,49.0,24.0,OP02,INS0115,no_defect,none,critical,True,False,False,88.0,False,False,41.0
1970-01-21 10:54:42.000,L03,M04,BATCH002,WO1001,876.0,876.0,stopped,37.0,12.0,OP02,INS0116,no_defect,dimensionnel,minor,True,False,False,89.0,False,True,0.0
1970-01-21 10:54:42.300,L01,M01,BATCH003,WO1002,1120.0,1070.0,running,44.0,35.0,OP02,INS0117,no_defect,dimensionnel,minor,True,False,False,89.0,False,True,50.0
1970-01-21 10:54:42.600,L03,M03,BATCH003,WO1002,899.0,899.0,running,57.0,33.0,OP01,INS0118,no_defect,dimensionnel,minor,True,False,False,93.0,False,True,0.0
1970-01-21 10:54:42.900,L03,M04,BATCH001,WO1003,1141.0,818.0,running,50.0,13.0,OP02,INS0119,no_defect,dimensionnel,major,True,False,True,83.0,False,False,323.0
1970-01-21 10:54:43.200,L03,M04,BATCH002,WO1002,1096.0,825.0,running,33.0,19.0,OP02,INS0120,no_defect,esthetique,major,True,False,False,70.0,False,True,271.0
1970-01-21 10:54:43.500,L01,M04,BATCH001,WO1001,1113.0,1016.0,stopped,43.0,34.0,OP01,INS0121,no_defect,dimensionnel,major,True,False,False,79.0,False,True,97.0
1970-01-21 10:54:43.800,L03,M02,BATCH001,WO1002,928.0,928.0,running,14.0,30.0,OP03,INS0122,no_defect,dimensionnel,critical,True,False,False,85.0,False,True,0.0
1970-01-21 10:54:44.100,L02,M03,BATCH002,WO1001,1039.0,953.0,running,13.0,14.0,OP02,INS0123,no_defect,esthetique,minor,False,True,False,99.0,False,True,86.0
1970-01-21 10:54:44.400,L02,M02,BATCH002,WO1001,896.0,896.0,running,5.0,33.0,OP02,INS0124,no_defect,esthetique,minor,True,False,False,73.0,False,True,0.0
1970-01-21 10:54:44.700,L02,M03,BATCH001,WO1001,1038.0,891.0,running,49.0,20.0,OP03,INS0125,no_defect,none,minor,True,False,False,96.0,False,True,147.0
1970-01-21 10:54:45.000,L01,M01,BATCH003,WO1001,1105.0,980.0,running,36.0,40.0,OP03,INS0126,no_defect,fonctionnel,minor,True,False,False,97.0,False,True,125.0
1970-01-21 10:54:45.300,L03,M01,BATCH001,WO1002,1071.0,930.0,running,49.0,24.0,OP01,INS0127,no_defect,dimensionnel,critical,False,True,False,98.0,False,False,141.0
1970-01-21 10:54:45.600,L03,M02,BATCH002,WO1003,1090.0,1090.0,running,31.0,41.0,OP02,INS0128,no_defect,dimensionnel,minor,True,False,False,80.0,False,True,0.0
1970-01-21 10:54:45.900,L01,M01,BATCH002,WO1003,1118.0,1074.0,maintenance,2.0,26.0,OP02,INS0129,no_defect,dimensionnel,critical,True,False,False,95.0,False,True,44.0
1970-01-21 10:54:46.200,L03,M03,BATCH003,WO1003,850.0,850.0,running,2.0,11.0,OP01,INS0130,no_defect,none,critical,True,False,False,96.0,False,True,0.0
1970-01-21 10:54:46.500,L02,M04,BATCH001,WO1003,883.0,875.0,running,21.0,27.0,OP03,INS0131,no_defect,dimensionnel,major,False,True,True,89.0,False,True,8.0
1970-01-21 10:54:46.800,L03,M01,BATCH001,WO1003,928.0,928.0,maintenance,21.0,44.0,OP03,INS0132,no_defect,fonctionnel,minor,True,False,False,70.0,False,False,0.0
1970-01-21 10:54:47.100,L01,M04,BATCH001,WO1003,1085.0,983.0,running,9.0,33.0,OP03,INS0133,no_defect,esthetique,minor,True,False,False,85.0,False,True,102.0
1970-01-21 10:54:47.400,L03,M04,BATCH002,WO1002,947.0,930.0,stopped,50.0,20.0,OP01,INS0134,no_defect,none,major,False,True,False,88.0,False,True,17.0
1970-01-21 10:54:47.700,L01,M01,BATCH001,WO1001,931.0,848.0,running,2.0,42.0,OP03,INS0135,no_defect,esthetique,critical,True,False,False,90.0,False,False,83.0
1970-01-21 10:54:48.000,L03,M03,BATCH003,WO1003,1016.5,854.0,stopped,11.0,32.0,OP01,INS0136,no_defect,dimensionnel,minor,True,False,False,91.0,False,False,187.0
1970-01-21 10:54:48.300,L03,M04,BATCH002,WO1002,1102.0,953.0,running,28.0,42.0,OP03,INS0137,no_defect,dimensionnel,critical,True,False,False,78.0,False,False,149.0
1970-01-21 10:54:48.600,L02,M01,BATCH002,WO1003,887.0,887.0,stopped,47.0,35.0,OP03,INS0138,no_defect,dimensionnel,major,True,False,False,78.0,False,True,0.0
1970-01-21 10:54:48.900,L01,M02,BATCH001,WO1003,863.0,863.0,running,26.5,18.0,OP03,INS0139,no_defect,fonctionnel,major,True,False,False,78.0,False,True,0.0
1970-01-21 10:54:49.200,L01,M02,BATCH002,WO1001,1058.0,1058.0,running,6.0,37.0,OP03,INS0140,no_defect,fonctionnel,minor,False,True,False,96.0,False,True,0.0
1970-01-21 10:54:49.500,L01,M02,BATCH002,WO1001,938.0,845.0,running,12.0,13.0,OP03,INS0141,no_defect,none,critical,True,False,False,86.0,False,True,93.0
1970-01-21 10:54:49.800,L03,M01,BATCH002,WO1001,905.0,905.0,running,55.0,31.0,OP03,INS0142,no_defect,esthetique,critical,True,False,False,81.0,False,False,0.0
1970-01-21 10:54:50.100,L01,M02,BATCH002,WO1001,943.0,928.0,running,1.0,24.0,OP03,INS0143,no_defect,dimensionnel,minor,False,True,False,94.0,False,True,15.0
1970-01-21 10:54:50.400,L02,M04,BATCH001,WO1003,942.0,848.0,running,3.0,17.0,OP02,INS0144,no_defect,dimensionnel,minor,True,False,False,95.0,False,True,94.0
1970-01-21 10:54:50.700,L02,M02,BATCH003,WO1003,934.0,824.0,running,9.0,30.0,OP03,INS0145,no_defect,dimensionnel,critical,True,False,False,77.0,False,True,110.0
1970-01-21 10:54:51.000,L02,M02,BATCH001,WO1001,1094.0,1065.0,running,38.0,33.0,OP02,INS0145,no_defect,none,critical,True,False,True,85.0,False,True,29.0
1970-01-21 10:54:51.300,L01,M04,BATCH003,WO1002,871.0,871.0,running,233.30555555555554,32.0,OP02,INS0147,no_defect,fonctionnel,major,True,False,False,87.0,False,True,0.0
1970-01-21 10:54:51.600,L02,M02,BATCH002,WO1003,996.0,943.0,running,16.0,32.0,OP02,INS0148,no_defect,esthetique,minor,True,False,False,98.0,False,True,197.0
1970-01-21 10:54:51.900,L02,M04,BATCH003,WO1003,1121.0,999.0,running,51.0,12.0,OP03,INS0149,no_defect,esthetique,critical,True,False,False,96.0,False,False,122.0
1970-01-21 10:54:52.200,L02,M02,BATCH003,WO1003,971.0,956.0,running,5.0,27.0,OP01,INS0150,no_defect,none,minor,True,False,False,70.0,True,True,15.0
1970-01-21 10:54:52.500,L03,M04,BATCH003,WO1002,977.0,933.0,running,18.0,33.0,OP01,INS0151,no_defect,fonctionnel,major,True,False,False,70.0,False,True,44.0
1970-01-21 10:54:52.800,L03,M02,BATCH002,WO1003,962.0,947.0,running,4.0,9.0,OP03,INS0152,no_defect,dimensionnel,critical,True,False,False,81.0,False,False,15.0
1970-01-21 10:54:53.100,L01,M04,BATCH001,WO1002,1122.0,870.0,running,31.0,11.0,OP01,INS0153,no_defect,esthetique,critical,False,True,False,75.0,False,True,252.0
1970-01-21 10:54:53.400,L01,M01,BATCH002,WO1003,979.0,979.0,running,9.0,40.0,OP03,INS0154,no_defect,esthetique,critical,True,False,False,78.0,False,False,0.0
1970-01-21 10:54:53.700,L02,M04,BATCH001,WO1002,981.0,981.0,stopped,8.0,31.0,OP01,INS0155,no_defect,fonctionnel,minor,True,False,False,95.0,False,True,0.0
1970-01-21 10:54:54.000,L03,M02,BATCH003,WO1003,934.0,934.0,running,26.0,6.0,OP03,INS0156,no_defect,none,major,True,False,False,74.0,False,True,0.0
1970-01-21 10:54:54.300,L02,M02,BATCH003,WO1001,930.0,889.0,running,12.0,29.0,OP03,INS0157,no_defect,none,minor,True,False,False,96.0,False,True,41.0
1970-01-21 10:54:54.600,L02,M03,BATCH003,WO1001,918.0,918.0,running,18.0,13.0,OP03,INS0158,no_defect,dimensionnel,critical,True,False,False,85.0,False,True,0.0
1970-01-21 10:54:54.900,L03,M04,BATCH003,WO1001,891.5,854.5,running,20.0,31.0,OP02,INS0159,no_defect,none,major,True,False,False,87.0,False,False,37.0
1970-01-21 10:54:55.200,L03,M01,BATCH003,WO1001,865.0,825.0,running,23.0,5.0,OP01,INS0160,rayure,esthetique,critical,False,True,False,86.0,False,False,40.0
1970-01-21 10:54:55.500,L03,M04,BATCH001,WO1003,954.0,920.0,running,37.0,27.0,OP02,INS0161,no_defect,none,critical,False,True,False,87.0,False,True,34.0
1970-01-21 10:54:55.800,L01,M04,BATCH001,WO1001,1014.0,1011.0,running,3.0,14.0,OP01,INS0162,no_defect,dimensionnel,minor,True,False,False,70.0,False,True,3.0
1970-01-21 10:54:56.100,L01,M01,BATCH003,WO1002,1050.0,862.0,running,23.0,29.0,OP01,INS0163,no_defect,esthetique,critical,True,False,False,88.0,False,True,188.0
1970-01-21 10:54:56.400,L02,M04,BATCH002,WO1001,1046.0,867.0,running,58.0,7.0,OP01,INS0164,no_defect,none,major,True,False,False,91.0,True,True,179.0
1970-01-21 10:54:56.700,L01,M01,BATCH002,WO1001,1034.0,1034.0,running,34.0,10.0,OP01,INS0165,no_defect,none,major,True,False,False,98.0,False,True,0.0
1970-01-21 10:54:57.000,L03,M01,BATCH003,WO1001,1114.0,801.0,running,2.0,10.0,OP01,INS0166,no_defect,fonctionnel,critical,True,False,False,77.0,False,True,313.0
1970-01-21 10:54:57.300,L03,M04,BATCH001,WO1003,949.0,907.0,running,3.0,6.0,OP02,INS0167,no_defect,dimensionnel,minor,True,False,True,72.0,False,True,42.0
1970-01-21 10:54:57.600,L01,M04,BATCH002,WO1001,1063.0,1063.0,maintenance,56.0,22.0,OP03,INS0168,no_defect,none,major,True,False,False,95.0,False,True,0.0
1970-01-21 10:54:57.900,L02,M02,BATCH002,WO1002,1127.0,1012.0,running,36.0,27.0,OP01,INS0169,no_defect,fonctionnel,minor,True,False,False,94.0,False,True,279.0
1970-01-21 10:54:58.200,L02,M02,BATCH002,WO1001,1011.0,939.0,running,39.0,6.0,OP01,INS0170,no_defect,esthetique,critical,True,False,True,95.0,False,True,72.0
1970-01-21 10:54:58.500,L01,M03,BATCH003,WO1001,1006.0,1006.0,stopped,47.0,16.0,OP03,INS0170,no_defect,fonctionnel,minor,True,False,False,74.0,False,False,0.0
1970-01-21 10:54:58.800,L02,M03,BATCH002,WO1001,1100.0,843.0,running,53.0,26.0,OP03,INS0172,no_defect,fonctionnel,minor,True,False,False,95.0,False,True,257.0
1970-01-21 10:54:59.100,L02,M04,BATCH002,WO1002,946.0,946.0,running,34.0,41.0,OP01,INS0173,no_defect,none,minor,False,True,False,77.0,False,False,0.0
1970-01-21 10:54:59.400,L02,M01,BATCH003,WO1001,867.0,867.0,running,30.0,24.0,OP03,INS0174,no_defect,none,minor,True,False,False,88.0,False,True,0.0
1970-01-21 10:54:59.700,L03,M03,BATCH002,WO1002,946.0,946.0,stopped,55.0,43.0,OP02,INS0175,no_defect,none,critical,True,False,False,87.0,False,True,0.0
1970-01-21 10:55:00.000,L03,M04,BATCH001,WO1002,850.0,850.0,running,43.0,28.0,OP02,INS0176,no_defect,fonctionnel,critical,True,False,False,87.0,False,True,0.0
1970-01-21 10:55:00.300,L01,M03,BATCH003,WO1001,1065.0,1035.0,running,24.0,16.5,OP01,INS0177,no_defect,esthetique,major,True,False,False,90.0,False,True,30.0
1970-01-21 10:55:00.600,L03,M01,BATCH003,WO1002,981.0,981.0,running,39.0,5.0,OP02,INS0177,no_defect,dimensionnel,minor,True,False,False,70.0,False,True,0.0
1970-01-21 10:55:00.900,L02,M04,BATCH003,WO1002,1109.0,948.0,maintenance,12.0,5.0,OP02,INS0179,no_defect,fonctionnel,minor,True,False,False,84.0,True,True,161.0
1970-01-21 10:55:01.200,L03,M01,BATCH001,WO1001,974.0,865.0,running,3.0,21.0,OP01,INS0180,no_defect,none,major,True,False,False,87.0,False,True,109.0
1970-01-21 10:55:01.500,L01,M04,BATCH003,WO1001,931.0,931.0,running,45.0,5.0,OP03,INS0181,no_defect,dimensionnel,minor,False,True,True,98.0,True,True,0.0
1970-01-21 10:55:01.800,L03,M03,BATCH002,WO1002,1132.0,886.0,stopped,13.0,34.0,OP01,INS0182,no_defect,esthetique,major,True,False,False,94.0,False,True,246.0
1970-01-21 10:55:02.100,L02,M02,BATCH002,WO1002,1020.0,878.0,running,12.0,7.0,OP02,INS0183,no_defect,dimensionnel,critical,True,False,False,76.0,False,True,142.0
1970-01-21 10:55:02.400,L02,M03,BATCH003,WO1001,908.0,908.0,running,26.0,15.0,OP01,INS0184,no_defect,none,major,True,False,False,85.0,False,False,0.0
1970-01-21 10:55:02.700,L01,M03,BATCH002,WO1003,881.0,881.0,running,5.0,28.0,OP01,INS0184,no_defect,fonctionnel,minor,True,False,False,85.0,False,True,0.0
1970-01-21 10:55:03.000,L03,M02,BATCH001,WO1002,1007.0,1007.0,running,16.0,26.0,OP02,INS0186,no_defect,fonctionnel,major,True,False,True,84.0,False,True,0.0
1970-01-21 10:55:03.300,L03,M02,BATCH002,WO1002,1133.0,929.0,stopped,35.0,30.0,OP02,INS0187,no_defect,none,critical,True,False,False,75.0,False,True,204.0
1970-01-21 10:55:03.600,L03,M04,BATCH002,WO1003,955.0,883.0,stopped,39.0,17.0,OP01,INS0188,no_defect,fonctionnel,minor,True,False,False,78.0,False,False,72.0
1970-01-21 10:55:03.900,L02,M04,BATCH002,WO1003,954.0,954.0,stopped,48.0,5.0,OP02,INS0189,no_defect,none,critical,True,False,False,76.0,False,True,0.0
1970-01-21 10:55:04.200,L01,M01,BATCH003,WO1001,1077.0,986.0,running,34.0,28.0,OP02,INS0190,no_defect,fonctionnel,critical,True,False,True,83.0,False,True,91.0
1970-01-21 10:55:04.500,L03,M01,BATCH001,WO1003,1037.0,984.0,running,16.0,14.0,OP02,INS0191,no_defect,fonctionnel,major,False,True,False,80.0,False,True,192.0
1970-01-21 10:55:04.800,L02,M03,BATCH002,WO1001,919.0,919.0,maintenance,40.0,39.0,OP02,INS0192,no_defect,fonctionnel,critical,True,False,False,90.0,False,True,0.0
1970-01-21 10:55:05.100,L02,M02,BATCH003,WO1003,1139.0,1067.0,running,1.0,28.0,OP02,INS0193,no_defect,esthetique,minor,True,False,False,85.0,True,True,72.0
1970-01-21 10:55:05.400,L02,M01,BATCH002,WO1002,936.0,936.0,running,56.0,32.0,OP02,INS0194,no_defect,esthetique,critical,True,False,True,94.0,False,True,0.0
1970-01-21 10:55:05.700,L03,M03,BATCH001,WO1001,905.0,899.0,running,12.0,40.0,OP03,INS0195,no_defect,none,critical,True,False,True,75.0,False,False,6.0
1970-01-21 10:55:06.000,L03,M02,BATCH002,WO1001,883.5,877.0,stopped,51.0,20.0,OP01,INS0196,no_defect,esthetique,major,True,False,False,91.0,False,True,85.0
1970-01-21 10:55:06.300,L03,M04,BATCH001,WO1001,862.0,862.0,running,1.0,44.0,OP02,INS0197,no_defect,none,critical,True,False,False,96.0,False,True,0.0
1970-01-21 10:55:06.600,L03,M03,BATCH002,WO1003,867.0,867.0,running,51.0,20.0,OP01,INS0198,no_defect,dimensionnel,major,True,False,False,85.0,False,False,0.0
1970-01-21 10:55:06.900,L03,M04,BATCH002,WO1003,1031.0,843.0,running,27.0,21.0,OP03,INS0199,no_defect,none,major,True,False,False,89.0,False,True,188.0
1970-01-21 10:55:07.200,L03,M01,BATCH002,WO1001,962.0,962.0,running,42.0,19.0,OP02,INS0200,no_defect,esthetique,minor,True,False,False,98.0,False,False,0.0
1970-01-21 10:55:07.500,L03,M01,BATCH001,WO1001,1078.0,933.0,running,58.0,20.0,OP01,INS0201,no_defect,dimensionnel,minor,True,False,False,85.0,False,True,145.0
1970-01-21 10:55:07.800,L03,M02,BATCH002,WO1001,1020.0,991.0,running,25.0,19.0,OP02,INS0202,no_defect,dimensionnel,minor,True,False,False,81.0,False,True,29.0
1970-01-21 10:55:08.100,L03,M03,BATCH002,WO1001,1144.0,1077.0,running,21.0,38.0,OP02,INS0203,no_defect,fonctionnel,minor,True,False,False,86.0,False,True,67.0
1970-01-21 10:55:08.400,L02,M04,BATCH003,WO1002,1038.0,817.0,running,46.0,15.0,OP02,INS0204,no_defect,fonctionnel,major,True,False,False,74.0,False,True,221.0
1970-01-21 10:55:08.700,L03,M02,BATCH003,WO1003,928.0,811.0,running,42.0,5.0,OP02,INS0205,no_defect,none,critical,True,False,False,96.0,False,True,117.0
1970-01-21 10:55:09.000,L01,M01,BATCH001,WO1002,995.0,979.0,stopped,54.0,19.0,OP02,INS0206,no_defect,dimensionnel,minor,True,False,False,94.0,False,False,16.0
1970-01-21 10:55:09.300,L02,M01,BATCH002,WO1001,1031.0,922.0,running,2.0,30.0,OP02,INS0207,no_defect,none,minor,True,False,False,82.0,True,False,109.0
1970-01-21 10:55:09.600,L03,M03,BATCH001,WO1002,1135.0,1045.0,maintenance,34.0,8.0,OP02,INS0208,no_defect,none,minor,True,False,False,77.0,False,True,90.0
1970-01-21 10:55:09.900,L01,M04,BATCH003,WO1001,1099.0,1021.0,running,59.0,9.0,OP03,INS0209,no_defect,dimensionnel,critical,True,False,False,93.0,False,True,78.0
1970-01-21 10:55:10.200,L03,M03,BATCH001,WO1003,1045.0,850.0,running,57.0,39.0,OP03,INS0210,no_defect,esthetique,minor,True,False,False,74.0,False,True,195.0
1970-01-21 10:55:10.500,L01,M04,BATCH001,WO1003,920.0,870.0,stopped,11.0,17.0,OP02,INS0211,no_defect,dimensionnel,critical,True,False,True,81.0,False,False,50.0
1970-01-21 10:55:10.800,L01,M04,BATCH003,WO1003,1097.0,847.0,running,23.0,14.0,OP02,INS0212,no_defect,fonctionnel,major,False,True,False,78.0,False,True,250.0
1970-01-21 10:55:11.100,L01,M03,BATCH002,WO1001,995.0,818.0,running,4.0,15.0,OP03,INS0212,no_defect,dimensionnel,major,True,False,True,72.0,True,True,177.0
1970-01-21 10:55:11.400,L01,M02,BATCH001,WO1002,955.0,955.0,maintenance,19.0,22.0,OP03,INS0214,no_defect,esthetique,major,True,False,False,72.0,False,True,0.0
1970-01-21 10:55:11.700,L02,M03,BATCH003,WO1003,1112.0,883.0,maintenance,38.0,38.0,OP03,INS0215,no_defect,none,critical,True,False,False,70.0,False,True,229.0
1970-01-21 10:55:12.000,L02,M03,BATCH002,WO1001,1145.0,954.0,running,38.0,43.0,OP02,INS0215,no_defect,none,minor,True,False,False,94.0,False,False,191.0
1970-01-21 10:55:12.300,L01,M01,BATCH003,WO1001,919.0,852.0,running,12.0,27.0,OP01,INS0217,no_defect,fonctionnel,minor,False,True,False,91.0,False,True,67.0
1970-01-21 10:55:12.600,L03,M01,BATCH001,WO1002,1042.0,906.0,running,40.0,11.0,OP01,INS0218,rayure,fonctionnel,minor,False,True,False,87.0,False,True,136.0
1970-01-21 10:55:12.900,L01,M01,BATCH002,WO1003,917.0,917.0,running,56.0,43.0,OP01,INS0219,no_defect,fonctionnel,minor,True,False,False,93.0,False,True,0.0
1970-01-21 10:55:13.200,L02,M03,BATCH002,WO1001,901.0,868.0,running,52.0,7.0,OP01,INS0219,no_defect,none,minor,True,False,False,81.0,False,True,33.0
1970-01-21 10:55:13.500,L03,M01,BATCH003,WO1002,1134.0,810.0,running,44.0,16.0,OP02,INS0221,no_defect,fonctionnel,critical,True,False,True,78.0,False,True,324.0
1970-01-21 10:55:13.800,L02,M04,BATCH003,WO1003,858.0,858.0,running,28.0,11.0,OP01,INS0222,no_defect,dimensionnel,major,True,False,False,78.0,False,True,0.0
1970-01-21 10:55:14.100,L02,M03,BATCH003,WO1003,1100.0,991.0,running,12.0,30.0,OP03,INS0223,no_defect,none,minor,True,False,False,87.0,False,True,109.0
1970-01-21 10:55:14.400,L03,M02,BATCH002,WO1002,1147.0,868.0,running,55.0,37.0,OP03,INS0223,no_defect,esthetique,major,True,False,False,87.0,True,True,279.0
1970-01-21 10:55:14.700,L03,M02,BATCH002,WO1001,1033.0,822.0,running,9.0,28.0,OP01,INS0225,no_defect,none,critical,False,True,False,98.0,False,True,211.0
1970-01-21 10:55:15.000,L01,M02,BATCH002,WO1001,1028.0,980.0,running,32.0,19.0,OP03,INS0226,no_defect,dimensionnel,critical,True,False,False,76.0,False,True,48.0
1970-01-21 10:55:15.300,L01,M02,BATCH002,WO1001,1047.0,1047.0,running,56.0,6.0,OP02,INS0227,no_defect,dimensionnel,minor,True,False,False,96.0,False,True,0.0
1970-01-21 10:55:15.600,L01,M04,BATCH001,WO1002,977.0,808.0,running,39.0,11.0,OP01,INS0228,rayure,fonctionnel,critical,False,True,False,73.0,False,True,169.0
1970-01-21 10:55:15.900,L03,M04,BATCH003,WO1001,945.5,945.5,running,53.0,36.0,OP01,INS0229,no_defect,none,major,False,True,True,82.0,False,True,0.0
1970-01-21 10:55:16.200,L03,M01,BATCH003,WO1002,914.0,892.0,running,15.0,8.0,OP02,INS0230,no_defect,none,minor,True,False,False,86.0,False,True,22.0
1970-01-21 10:55:16.500,L03,M03,BATCH002,WO1002,1002.0,910.6666666666666,stopped,44.0,24.0,OP03,INS0231,no_defect,none,minor,True,False,False,93.0,False,True,215.0
1970-01-21 10:55:16.800,L02,M04,BATCH003,WO1001,1090.0,929.3333333333334,running,34.0,30.0,OP02,INS0232,no_defect,esthetique,major,True,False,False,71.0,False,True,137.0
1970-01-21 10:55:17.100,L03,M03,BATCH003,WO1003,873.0,873.0,running,2.0,36.0,OP02,INS0233,no_defect,fonctionnel,minor,True,False,False,83.0,False,False,0.0
1970-01-21 10:55:17.400,L01,M01,BATCH002,WO1003,932.0,932.0,running,55.0,32.0,OP03,INS0234,no_defect,dimensionnel,minor,False,True,True,72.0,False,True,0.0
1970-01-21 10:55:17.700,L02,M01,BATCH001,WO1003,1034.0,905.0,running,4.0,17.0,OP02,INS0235,no_defect,dimensionnel,major,False,True,False,74.0,False,True,129.0
1970-01-21 10:55:18.000,L01,M01,BATCH002,WO1002,948.0,834.0,stopped,25.0,5.0,OP03,INS0236,no_defect,fonctionnel,minor,True,False,True,83.0,True,True,114.0
1970-01-21 10:55:18.300,L01,M02,BATCH001,WO1002,911.0,911.0,stopped,10.0,39.0,OP03,INS0237,no_defect,dimensionnel,minor,True,False,True,72.0,False,True,0.0
1970-01-21 10:55:18.600,L03,M03,BATCH002,WO1002,1135.0,865.5,running,6.0,39.5,OP02,INS0238,no_defect,dimensionnel,major,True,False,False,92.0,False,False,322.0
1970-01-21 10:55:18.900,L03,M01,BATCH002,WO1002,871.0,813.0,running,52.0,40.0,OP03,INS0239,no_defect,fonctionnel,major,False,True,False,76.0,False,True,58.0
1970-01-21 10:55:19.200,L01,M03,BATCH003,WO1002,1061.0,1061.0,stopped,55.0,29.0,OP02,INS0240,no_defect,dimensionnel,major,True,False,False,99.0,True,False,0.0
1970-01-21 10:55:19.500,L01,M02,BATCH002,WO1001,975.0,939.0,maintenance,9.0,20.0,OP03,INS0241,no_defect,none,minor,True,False,False,87.0,False,False,36.0
1970-01-21 10:55:19.800,L02,M02,BATCH002,WO1001,891.0,891.0,maintenance,41.0,23.0,OP01,INS0242,no_defect,esthetique,major,True,False,False,82.0,False,False,0.0
1970-01-21 10:55:20.100,L02,M01,BATCH001,WO1003,947.0,918.0,running,51.0,5.0,OP01,INS0243,no_defect,fonctionnel,minor,True,False,False,98.0,False,False,29.0
1970-01-21 10:55:20.400,L02,M01,BATCH003,WO1003,880.0,880.0,running,33.0,9.0,OP03,INS0244,no_defect,esthetique,minor,True,False,True,92.0,False,False,0.0
1970-01-21 10:55:20.700,L02,M04,BATCH001,WO1003,952.0,833.0,maintenance,2.0,26.0,OP02,INS0245,no_defect,dimensionnel,major,True,False,False,96.0,False,True,174.0
1970-01-21 10:55:21.000,L02,M03,BATCH001,WO1001,1024.0,968.0,running,7.0,28.0,OP03,INS0246,no_defect,dimensionnel,minor,False,True,False,91.0,False,True,56.0
1970-01-21 10:55:21.300,L01,M01,BATCH003,WO1001,1096.0,809.0,running,30.0,41.0,OP01,INS0247,no_defect,none,critical,False,True,False,79.0,False,True,287.0
1970-01-21 10:55:21.600,L02,M04,BATCH003,WO1001,971.0,876.5,running,10.0,40.0,OP01,INS0248,no_defect,fonctionnel,minor,True,False,False,94.0,False,True,50.0
1970-01-21 10:55:21.900,L02,M03,BATCH003,WO1002,1122.0,944.0,running,44.0,40.0,OP01,INS0249,no_defect,none,major,True,False,False,82.0,False,False,178.0
1970-01-21 10:55:22.200,L01,M01,BATCH002,WO1001,1143.0,1022.0,running,6.0,8.0,OP01,INS0250,no_defect,fonctionnel,critical,True,False,False,85.0,False,True,121.0
1970-01-21 10:55:22.500,L03,M04,BATCH003,WO1003,1056.0,1056.0,maintenance,44.0,40.0,OP01,INS0251,no_defect,fonctionnel,critical,True,False,False,78.0,True,False,0.0
1970-01-21 10:55:22.800,L03,M04,BATCH003,WO1003,959.0,959.0,running,1.0,22.0,OP02,INS0252,no_defect,fonctionnel,minor,True,False,False,71.0,False,False,0.0
1970-01-21 10:55:23.100,L02,M03,BATCH003,WO1001,1127.0,803.0,running,5.0,20.0,OP01,INS0253,no_defect,fonctionnel,minor,False,True,False,92.0,False,False,324.0
1970-01-21 10:55:23.400,L02,M04,BATCH001,WO1001,905.0,905.0,running,18.0,22.0,OP01,INS0254,no_defect,fonctionnel,minor,True,False,False,74.0,True,True,0.0
1970-01-21 10:55:23.700,L03,M03,BATCH001,WO1003,906.0,884.0,running,31.0,26.0,OP03,INS0255,no_defect,esthetique,minor,True,False,False,98.0,False,True,22.0
1970-01-21 10:55:24.000,L02,M03,BATCH001,WO1003,1140.0,1013.0,running,19.0,6.0,OP03,INS0256,no_defect,none,major,False,True,False,91.0,False,True,127.0
1970-01-21 10:55:24.300,L02,M03,BATCH001,WO1003,963.0,920.0,running,56.0,25.0,OP01,INS0257,no_defect,fonctionnel,major,False,True,False,86.0,False,True,43.0
1970-01-21 10:55:24.600,L01,M02,BATCH002,WO1002,998.0,931.0,running,33.0,40.0,OP02,INS0257,no_defect,esthetique,minor,True,False,False,95.0,True,False,116.0
1970-01-21 10:55:24.900,L02,M04,BATCH002,WO1002,1033.0,996.0,running,49.0,43.0,OP01,INS0259,no_defect,dimensionnel,critical,True,False,False,91.0,False,True,37.0
1970-01-21 10:55:25.200,L03,M03,BATCH003,WO1002,1068.0,818.0,running,15.0,43.0,OP01,INS0260,no_defect,fonctionnel,minor,True,False,False,73.0,True,True,250.0
1970-01-21 10:55:25.500,L01,M01,BATCH001,WO1001,1126.0,929.0,running,24.0,33.0,OP02,INS0261,no_defect,dimensionnel,critical,True,False,False,86.0,True,True,197.0
1970-01-21 10:55:25.800,L03,M02,BATCH002,WO1001,1018.0,811.0,maintenance,11.0,30.0,OP01,INS0262,no_defect,fonctionnel,minor,True,False,False,78.0,False,True,54.0
1970-01-21 10:55:26.100,L03,M02,BATCH001,WO1002,910.0,880.0,stopped,6.0,25.0,OP01,INS0263,no_defect,esthetique,major,True,False,False,89.0,False,True,30.0
1970-01-21 10:55:26.400,L03,M04,BATCH003,WO1001,903.0,903.0,running,38.0,21.0,OP03,INS0263,no_defect,esthetique,critical,False,True,False,71.0,False,True,0.0
1970-01-21 10:55:26.700,L02,M03,BATCH003,WO1001,1017.0,924.0,running,16.0,20.0,OP02,INS0265,no_defect,esthetique,major,True,False,False,93.0,True,True,93.0
1970-01-21 10:55:27.000,L02,M04,BATCH003,WO1001,875.0,875.0,stopped,44.0,35.0,OP03,INS0266,no_defect,none,major,True,False,True,87.0,False,True,0.0
1970-01-21 10:55:27.300,L03,M02,BATCH003,WO1003,914.0,914.0,running,10.0,13.0,OP03,INS0267,no_defect,dimensionnel,major,True,False,False,90.0,True,True,0.0
1970-01-21 10:55:27.600,L03,M03,BATCH002,WO1001,949.0,801.0,stopped,5.0,35.0,OP02,INS0268,no_defect,none,major,True,False,False,96.0,False,False,148.0
1970-01-21 10:55:27.900,L01,M01,BATCH003,WO1003,995.0,807.0,stopped,22.0,18.0,OP02,INS0269,no_defect,fonctionnel,major,True,False,False,91.0,False,True,116.0
1970-01-21 10:55:28.200,L01,M03,BATCH003,WO1003,1041.0,1041.0,running,26.0,41.0,OP01,INS0270,no_defect,none,minor,True,False,False,80.0,False,True,0.0
1970-01-21 10:55:28.500,L02,M02,BATCH001,WO1002,1020.0,938.0,running,45.0,6.0,OP03,INS0270,no_defect,esthetique,critical,True,False,False,82.0,True,True,82.0
1970-01-21 10:55:28.800,L02,M02,BATCH003,WO1001,1122.0,923.0,maintenance,5.0,18.0,OP02,INS0272,no_defect,dimensionnel,minor,True,False,True,77.0,False,False,199.0
1970-01-21 10:55:29.100,L01,M03,BATCH003,WO1002,1036.0,1027.0,running,37.0,37.0,OP03,INS0273,no_defect,esthetique,minor,True,False,False,96.0,False,True,9.0
1970-01-21 10:55:29.400,L03,M01,BATCH003,WO1001,872.0,809.0,running,1.0,39.0,OP03,INS0274,no_defect,none,minor,True,False,False,70.0,False,False,63.0
1970-01-21 10:55:29.700,L02,M01,BATCH003,WO1003,1030.0,1011.0,running,21.0,43.0,OP02,INS0275,no_defect,none,major,True,False,False,86.0,False,True,19.0
1970-01-21 10:55:30.000,L03,M02,BATCH002,WO1003,957.0,911.0,running,19.0,24.0,OP01,INS0276,no_defect,esthetique,minor,True,False,True,81.0,False,True,46.0
1970-01-21 10:55:30.300,L01,M01,BATCH001,WO1001,1011.0,807.0,running,24.0,6.0,OP03,INS0277,no_defect,esthetique,critical,True,False,False,73.0,False,True,204.0
1970-01-21 10:55:30.600,L02,M04,BATCH003,WO1001,1055.0,1055.0,running,14.0,23.0,OP02,INS0278,no_defect,fonctionnel,minor,True,False,False,90.0,False,False,0.0
1970-01-21 10:55:30.900,L02,M02,BATCH003,WO1002,927.0,927.0,maintenance,59.0,41.0,OP01,INS0279,no_defect,none,major,False,True,False,82.0,False,True,0.0
1970-01-21 10:55:31.200,L01,M04,BATCH003,WO1001,865.0,813.0,running,233.30555555555554,22.0,OP03,INS0280,no_defect,none,critical,False,True,False,98.0,False,True,52.0
1970-01-21 10:55:31.500,L02,M01,BATCH003,WO1001,945.0,945.0,running,28.0,15.0,OP02,INS0281,no_defect,fonctionnel,critical,True,False,True,78.0,False,False,0.0
1970-01-21 10:55:31.800,L01,M04,BATCH002,WO1001,996.0,996.0,running,7.0,8.0,OP03,INS0282,no_defect,none,critical,True,False,False,96.0,False,False,0.0
1970-01-21 10:55:32.100,L01,M03,BATCH001,WO1002,851.0,851.0,running,36.0,16.0,OP02,INS0283,no_defect,esthetique,critical,True,False,False,99.0,True,True,0.0
1970-01-21 10:55:32.400,L01,M01,BATCH001,WO1001,859.0,859.0,running,48.0,33.0,OP02,INS0284,no_defect,dimensionnel,minor,True,False,False,76.0,False,True,0.0
1970-01-21 10:55:32.700,L02,M03,BATCH003,WO1003,974.0,966.0,maintenance,51.0,11.0,OP02,INS0285,no_defect,dimensionnel,major,True,False,True,92.0,False,True,8.0
1970-01-21 10:55:33.000,L03,M04,BATCH003,WO1002,930.0,819.0,stopped,32.0,18.0,OP03,INS0285,no_defect,none,critical,False,True,False,93.0,False,False,111.0
1970-01-21 10:55:33.300,L03,M03,BATCH003,WO1002,989.0,989.0,running,21.0,16.0,OP02,INS0287,no_defect,fonctionnel,critical,False,True,False,74.0,False,True,0.0
1970-01-21 10:55:33.600,L03,M01,BATCH002,WO1003,999.0,934.0,running,49.0,39.0,OP01,INS0288,no_defect,esthetique,major,True,False,False,74.0,False,True,65.0
1970-01-21 10:55:33.900,L02,M03,BATCH003,WO1003,1137.0,928.0,running,46.0,9.0,OP03,INS0289,no_defect,dimensionnel,minor,True,False,False,86.0,False,True,209.0
1970-01-21 10:55:34.200,L02,M04,BATCH003,WO1003,978.0,978.0,running,4.0,21.0,OP03,INS0290,no_defect,esthetique,critical,True,False,True,99.0,False,True,0.0
1970-01-21 10:55:34.500,L03,M04,BATCH001,WO1001,942.5,899.5,running,38.0,36.0,OP02,INS0291,no_defect,none,minor,True,False,True,78.0,False,True,43.0
1970-01-21 10:55:34.800,L03,M04,BATCH003,WO1003,907.0,907.0,running,17.0,27.0,OP01,INS0292,no_defect,none,minor,True,False,False,75.0,False,True,0.0
1970-01-21 10:55:35.100,L01,M01,BATCH001,WO1001,1047.0,843.0,maintenance,37.0,18.0,OP01,INS0293,no_defect,dimensionnel,minor,True,False,False,94.0,False,True,204.0
1970-01-21 10:55:35.400,L01,M04,BATCH003,WO1002,1060.0,885.0,running,53.0,9.0,OP01,INS0294,no_defect,none,minor,True,False,False,88.0,False,False,175.0
1970-01-21 10:55:35.700,L01,M01,BATCH001,WO1002,894.0,843.0,running,52.0,13.0,OP03,INS0295,no_defect,fonctionnel,critical,True,False,False,85.0,False,True,51.0
1970-01-21 10:55:36.000,L03,M03,BATCH003,WO1003,946.0,944.0,running,36.0,37.0,OP02,INS0296,no_defect,none,critical,True,False,False,90.0,False,True,2.0
1970-01-21 10:55:36.300,L03,M04,BATCH001,WO1001,1128.0,850.0,running,29.0,40.0,OP02,INS0296,no_defect,none,minor,True,False,True,71.0,True,True,278.0
1970-01-21 10:55:36.600,L03,M03,BATCH002,WO1003,872.0,872.0,running,50.0,40.0,OP02,INS0298,no_defect,none,minor,True,False,True,79.0,False,False,0.0
1970-01-21 10:55:36.900,L01,M02,BATCH001,WO1003,893.0,893.0,running,30.0,40.0,OP01,INS0299,no_defect,esthetique,major,True,False,False,85.0,False,True,0.0
